priority,platform,lane,fit_1_5,automation_mode,cost,backlink,evidence,status,reason,source_url,submit_url
P0,Product Hunt,product launch,5,agent_prepare_human_launch,Free,Unknown/varies,official_current,ready,"Strong digital-product fit; Fondo is live, usable, and visually demonstrable. Maker-led launch needs deliberate scheduling.",https://www.producthunt.com/launch/preparing-for-launch,https://www.producthunt.com/posts/new
P0,StartupBase,product launch,4,agent_safe_with_review,Free queue; paid fast option,Paid tier explicitly dofollow; free not assumed,official_current,ready,"Accepts working products with a real website; permanent product page and launch flow. Position Fondo as a usable digital architecture product, not a company brochure.",https://startupbase.io/about,https://startupbase.io/
P0,Uneed,product launch,4,agent_safe_with_review,Free queue; paid faster options,Conditional by launch outcome on free route,official_current,ready,Tech-product launch platform with a free queue. Good second-wave launch if Fondo is framed as an interactive architecture discovery product.,https://www.uneed.best/how-it-works,https://www.uneed.best/submit
P0,LaunchIgniter,product launch,4,agent_safe_with_review,Free/paid plans,Platform advertises SEO backlinks; exact attribute verify at publish,official_current,ready,"Broad digital-product categories include Design Resources, Maps, Travel, Architecture-adjacent themes; unusually good taxonomy fit.",https://launchigniter.com/about,https://launchigniter.com/submit
P0,Launching Next,startup/project directory,4,agent_safe_with_review,Free; paid express option,Permanent profile links to site,official_current,ready,Free submission explicitly accepts side projects and bootstrapped startups; practical low-risk listing.,https://www.launchingnext.com/submit/,https://www.launchingnext.com/submit/
P0,PitchWall,product launch,4,agent_safe_with_review,Free; paid faster options,Dofollow stated on free launch,official_current,ready,Free permanent product presence with long review queue; worth submitting early because waiting period is at least 30 days.,https://pitchwall.co/submit,https://pitchwall.co/submit
P0,Landbook,web design gallery,5,agent_submit_after_asset_check,Free,Unknown; listing links to submitted website,official_current,ready,"Very natural fit if the visual system is strong. Free curated website submission, no reciprocal badge requirement stated.",https://land-book.com/submission-guidelines,https://land-book.com/submit
P0,Minimal Gallery,web design gallery,5,agent_prepare_human_submit,Free,Unknown; accepted sites receive a gallery page,official_current,ready,Curated design audience; Fondo's editorial/database interface is a much better fit here than in generic SaaS directories.,https://minimal.gallery/about/,https://minimal.gallery/
P0,Sidebar,design editorial/link curation,5,manual_editorial,Free,Editorial outbound link,official_current,ready_manual,"Excellent audience fit. Self-submission is allowed, but Sidebar prioritizes new, high-effort design resources; submit as editorial discovery, not SEO.",https://sidebar.io/about,https://sidebar.io/submit
P0,Behance,creative project/profile,5,agent_prepare_human_publish,Free,Text links can be added inside project content,official_current,ready_manual,"Create a real case study of Fondo Moderno's research/design system. Durable discovery page plus a contextual link, rather than a bare directory listing.",https://help.behance.net/hc/en-us/articles/204483684-Guide-Create-Publish-A-Project,https://www.behance.net/
P1,Peerlist Launchpad,maker community launch,4,manual_community,No visible launch fee,Unknown,secondary_current,needs_profile,"Good designer/developer audience, but launch is tied to a genuine maker profile and weekly community rhythm. Do not automate community behavior.",https://launchrepo.dev/directories/peerlist/,https://peerlist.io/
P1,StartupBlink,startup ecosystem profile,3,agent_safe_if_representation_true,Free submission,Unknown,official_current,conditional,"Can create a startup record with website, city, industry and description. Only use if you are comfortable representing Fondo as a startup and as its official representative.",https://www.startupblink.com/startups/add,https://www.startupblink.com/startups/add
P1,Fazier,product launch,3,agent_prepare_badge_decision,Free with backlink/badge; paid without badge,Paid/placement-dependent; verify live attribute,official_current,conditional_badge,"Usable but free route requires a backlink/badge on Fondo Moderno. Treat that as a separate editorial/design decision, never auto-add it.",https://fazier.com/submit,https://fazier.com/submit
P1,IndieHunt,product launch,3,agent_prepare_badge_decision,Free with badge; $19 premium,Free nofollow by default; top 3 dofollow; premium dofollow stated,official_current,conditional_badge,"Indie-maker audience skews SaaS/devtools, so fit is weaker. Free path requires a badge; use only after higher-fit channels.",https://indiehunt.io/help,https://indiehunt.io/submit
P1,DailyPings,tool directory,3,agent_prepare_badge_decision,Free with persistent badge; paid no-badge option,Dofollow stated when listed,official_current,conditional_badge,Low-effort listing but reciprocal badge must remain live. Useful only if you accept the badge footprint.,https://dailypings.com/about,https://dailypings.com/
P1,BetaList,startup directory,3,human_paid_decision,Paid only,"Dofollow if featured, per BetaList",official_current,paid_hold,"Requires a technology startup that is new/recent and all submissions are paid. Fondo may qualify only if positioned as a technology product, not merely an editorial archive.",https://betalist.com/support,https://betalist.com/submissions/new
P1,Awwwards,web design awards/gallery,5,human_paid_decision,Paid submission,Listing link expected; exact attribute verify,official_current,paid_hold,"Very strong audience and category fit (Architecture, Culture & Education, Web & Interactive), but this is an award submission rather than directory automation.",https://www.awwwards.com/,https://www.awwwards.com/
P1,DesignNominees,web design gallery,4,human_paid_decision,$15 premium / $30 sponsored; free currently closed,Dofollow explicitly stated on paid tiers,official_current,paid_hold,"Straightforward design-gallery backlink route, but free submissions are currently closed.",https://www.designnominees.com/site-submission,https://www.designnominees.com/site-submission
P1,Microlaunch,product launch,3,agent_safe_with_review,Free queue; paid Pro,Free route reported nofollow,secondary_current,research_then_submit,"Legitimate launch board, but startup/software audience is less aligned and free link value is limited. Use after design-specific channels.",https://launchrepo.dev/directories/microlaunch/,https://microlaunch.net/
P1,LaunchBoard,product launch,3,agent_prepare_badge_decision,Free with badge; paid skip,Unknown,secondary_current,research_then_submit,Weekly product launch board. Free route reportedly requires badge verification; acceptable only after badge-policy decision.,https://fazier.com/launches/launchboard,https://www.launchboard.dev/
P1,Dealroom,company/startup profile,3,agent_safe_if_company_exists,Free account/profile claim path,Unknown,official_current,company_hold,Useful durable company record if Fondo has a real company/entity profile and LinkedIn page. Do not invent company data to fit.,https://dealroom.co/knowledge/Accountsetup,https://app.dealroom.co/
P2,Crunchbase,company/startup profile,3,agent_prepare_only,Freemium/unknown for edits,Unknown,secondary_current,company_hold,"Potential entity/credibility profile, but only worthwhile if Fondo has a stable company identity and verifiable organization facts.",https://launchrepo.dev/directories/category/company-profile/,https://www.crunchbase.com/
P2,Wellfound,company/startup profile,2,agent_prepare_only,Free/unknown,Unknown,secondary_current,company_hold,Primarily startup hiring/company profile. Low priority unless Fondo becomes an operating company with hiring needs.,https://launchrepo.dev/directories/category/company-profile/,https://wellfound.com/
P2,Hacker News (regular submission),community/editorial,4,manual_only,Free,Nofollow/unknown; traffic/community is the goal,official_current,manual_only,Fondo is better as a normal HN link than Show HN because Show HN excludes curated lists/reading material. Only post if there is a genuinely interesting research/product angle.,https://news.ycombinator.com/showhn.html,https://news.ycombinator.com/submit
P2,Indie Hackers,maker community,3,manual_community,Free,Unknown,secondary_current,manual_only,"Could work as a build story about creating an architecture research product, not as a naked backlink submission. Needs authentic participation.",https://launchrepo.dev/directories/category/community/,https://www.indiehackers.com/
P2,ArchDaily,architecture editorial,4,manual_editorial,Free editorial submission,Editorial link if accepted,official_current,pitch_only,"Direct built-project form is not for Fondo itself, but ArchDaily accepts publication/news/article approaches through its contact/submission system. Treat as PR, not directory submission.",https://www.archdaily.com/contact,https://www.archdaily.com/contact
P2,Divisare,architecture editorial,4,manual_editorial,Free editorial submission,Editorial link/profile if accepted,official_current,conditional_content,Not a site directory. Could fit only through a genuine architectural project or original photo report sourced from Fondo Moderno.,https://divisare.com/submit,https://divisare.com/submit
P2,Siteinspire,web design gallery,5,manual_research,Unknown,Unknown,official_current,submission_path_unverified,"Excellent visual/editorial fit, including publishing and web-app categories, but a current public submission workflow was not verified in this pass.",https://www.siteinspire.com/,https://www.siteinspire.com/
P2,ComingUp,product launch,3,agent_research_first,Unknown,Unknown,candidate_current_site,research,Current product pages exist; eligibility and free-route details still need form-level verification before automation.,https://www.comingup.io/,https://www.comingup.io/
P2,PeerPush,product launch,3,agent_research_first,Unknown,Unknown,launchrepo_public_catalog,research,"Appears in LaunchRepo's current product-launch catalog; verify form, cost, indexing and link attribute before use.",https://launchrepo.dev/directories/category/product-launch/,https://peerpush.com/
P2,Huzzler,product launch,2,agent_research_first,Unknown,Unknown,launchrepo_public_catalog,research,Current LaunchRepo catalog candidate; audience likely builder/startup heavy. Verify before investing effort.,https://launchrepo.dev/directories/category/product-launch/,https://huzzler.so/
P2,Nick Launches,product launch,2,agent_research_first,Unknown,Unknown,launchrepo_public_catalog,research,Current LaunchRepo catalog candidate; verify submission path and whether listings remain indexed.,https://launchrepo.dev/directories/category/product-launch/,https://nicklaunches.com/
P2,TinyLaunch,product launch,3,agent_research_first,Standard path exists; exact current cost recheck,Unknown,secondary_current,research,LaunchRepo observed a standard scheduling flow with upsells. Verify current fit and backlink treatment before submitting.,https://launchrepo.dev/directories/,https://tinylaunch.app/
P2,Tiny Startups,startup directory,3,agent_research_first,Unknown,Unknown,public_list_only,research,Included in public directory lists and referenced by launch platforms; verify current submission requirements and indexing.,https://www.reddit.com/r/SaaS/comments/1wg7x9p/list_of_356_free_directories_to_advertise_your/,https://www.tinystartups.com/
P2,PromoteProject,project directory,3,agent_research_first,Unknown,Unknown,public_list_only,research,Potential general project-discovery fit; needs verification for live submission route and quality before use.,https://www.reddit.com/r/SaaS/comments/1wg7x9p/list_of_356_free_directories_to_advertise_your/,https://promoteproject.com/
P2,Website Hunt,web directory,3,agent_research_first,Freemium reported,Nofollow reported by secondary directory source,secondary_current,low_value_research,"Possible web-discovery listing, but current secondary data reports nofollow. Low priority unless it sends relevant design traffic.",https://www.submission.directory/,https://websitehunt.co/
P2,Webwiki,general web directory,1,agent_research_first,Unknown,Unknown,public_list_only,low_value_research,"Generic web directory with weak topical relevance. Keep only as a test/control, not as part of the core strategy.",https://www.reddit.com/r/SaaS/comments/1wg7x9p/list_of_356_free_directories_to_advertise_your/,https://www.webwiki.com/
SKIP,One Page Love,web design gallery,1,do_not_submit,Free,Unknown,official_current,not_fit,Fondo Moderno is a multi-page site. One Page Love explicitly accepts one-page websites only.,https://onepagelove.com/submit,https://onepagelove.com/submit
SKIP,Httpster,web design gallery,4,do_not_submit,N/A,N/A,official_current,closed,"Audience fit is good, but submissions are currently closed.",https://httpster.net/about/,https://httpster.net/
SKIP,Architizer,architecture portfolio,1,do_not_submit,Unknown,Unknown,official_current,not_fit,"Requires an architecture firm profile to upload portfolio projects. Fondo is a research/platform product, not an architecture practice portfolio.",https://support.architizer.com/help-center/how-do-i-start-uploading-projects-on-architizer,https://www.architizer.com/
SKIP,World-Architects,architecture practice directory,1,do_not_submit,Membership,Profile link,official_current,not_fit,Membership profiles are for architecture/design practices and manufacturers. Fondo itself does not match that entity type.,https://www.world-architects.com/en/register,https://www.world-architects.com/
SKIP,Show HN (as Show HN),community launch,1,do_not_submit,Free,N/A,official_current,not_fit,Show HN rules explicitly say curated lists and other reading material are off-topic. Use a normal HN submission instead if there is a strong story.,https://news.ycombinator.com/showhn.html,https://news.ycombinator.com/showhn.html
